FORMATO DE REPORTE DE NOVEDADES SEMANALES Y ACTUALIZACIÓN DE CUPOS - 2026;;;;;;;;;;;
;;;;;;;;;;;
INSTITUCIÓN EDUCATIVA;TIPO DE COMPLEMENTO;;;;;;;;;;
I.E ANA GOMEZ DE SIERRA;RI / AM;RI / PM;CAJM;CAJT;ALMUERZO;MEDIA TÉCNICA;NOVEDAD;SIMAT 04 FEBRERO;;;
JARDIN;;;;21;;;;;;;
PREJARDIN;;;;15;;;;;;;
PREESCOLAR 1;;;17;;;;;;;;
PREESCOLAR 2;;;16;;;;;;;;
PRIMERO 1;;;29;;;;;;;;
PRIMERO 2;;;29;;;;;;;;
SEGUNDO 1;;;30;;;;;;;;
SEGUNDO 2;;;31;;;;;;;;
TERCERO 1;;;31;;;;;;;;
TERCERO 2;;;31;;;;;;;;
CUARTO 1;;;25;;;;;;;;
CUARTO 2;;;25;;;;;;;;
QUINTO 1;;;35;;;;;;;;
QUINTO 2;;;35;;;;;;;;
SEXTO 1;;;34;;;;;;;;
SEXTO 2;;;33;;;;;;;;
SÉPTIMO 1;;;25;;;;;;;;
SÉPTIMO 2;;;25;;;;;;;;
SÉPTIMO 3;;;25;;;;;;;;
OCTAVO 1;;;22;;;;;;;;
OCTAVO 2;;;24;;;;;;;;
OCTAVO  3;;;22;;;;;;;;
NOVENO 1;;;20;;;;;;;;
NOVENO 2;;;20;;;;;;;;
NOVENO 3;;;19;;;;;;;;
DÉCIMO 1;;;28;;;;;;;;
DÉCIMO 2;;;27;;;;;;;;
ONCE 1;;;21;;;;;;;;
ONCE 2;;;22;;;;;;;;
M.T. En AUXILIAR EN ADMINISTRACIÓN;;;;;;;;;;;
CIENCIA, TECNOLOGIA E INNOVACIÓN;;;;;;;;;;;
CENTRO DE INTERÉS SEMILLERO DE MATEMÁTICAS;;;;;;;;;;;
TOTAL COMPREMENTOS A ENTREGAR;0;0;701;36;0;0;;737;;;
SEDE MARIA CAMILA RENDÓN;RI / AM;RI / PM;CAJM;CAJT;ALMUERZO;MEDIA TÉCNICA;NOVEDAD;;;;
PREESCOLAR  ;;;17;;17;;;;;;
PRIMERO ;;;22;;22;;;;;;
SEGUNDO ;;;23;;23;;;;;;
TERCERO ;;;23;;23;;;;;;
CUARTO ;;;20;;20;;;;;;
QUINTO ;;;14;;14;;;;;;
SEXTO;;;26;;;;;;;;
SÉPTIMO;;;17;;;;;;;;
TOTAL COMPREMENTOS A ENTREGAR;0;0;162;0;119;0;;167;;;
SEDE MAMPUESTO ;RI / AM;RI / PM;CAJM;CAJT;ALMUERZO;MEDIA TÉCNICA;NOVEDAD;;;;
PREESCOLAR;;;2;;;;;;;;
PRIMERO;;;2;;;;;;;;
SEGUNDO ;;;5;;;;;;;;
TERCER;;;1;;;;;;;;
CUARTO;;;7;;;;;;;;
QUINTO;;;1;;;;;;;;
TOTAL COMPREMENTOS A ENTREGAR;0;0;18;0;0;0;;18;;;
I.E ANTONIO DONADO CAMACAHO;RI / AM;RI / PM;CAJM;CAJT;ALMUERZO;MEDIA TÉCNICA;NOVEDAD;;;;
PREESCOLAR ;;;14;;14;;;;;;
PRIMERO ;;;10;;10;;;;;;
SEGUNDO ;;;16;;16;;;;;;
TERCERO ;;;23;;23;;;;;;
CUARTO ;;;21;;21;;;;;;
QUINTO ;;;29;;29;;;;;;
SEXTO ;;;40;;40;;;;;;
SÉPTIMO 1;;;32;;32;;;;;;
SÉPTIMO 2;;;0;;0;;;;;;
OCTAVO ;;;33;;33;;;;;;
NOVENO ;;;15;;15;;;;;;
DÉCIMO ;;;0;;0;;;;;;
DÉCIMO ;;;21;;21;;;;;;
ONCE ;;;30;;30;;;;;;
TOTAL COMPREMENTOS A ENTREGAR;0;0;284;0;284;0;;301;;;
SEDE TABLACITO;RI / AM;RI / PM;CAJM;CAJT;ALMUERZO;MEDIA TÉCNICA;NOVEDAD;;;;
PREESCOLAR ;;;2;;;;;;;;
PRIMERO ;;;3;;;;;;;;
SEGUNDO ;;;2;;;;;;;;
TERCERO ;;;4;;;;;;;;
CUARTO ;;;7;;;;;;;;
QUINTO ;;;4;;;;;;;;
TOTAL COMPREMENTOS A ENTREGAR;0;0;22;0;0;0;;23;;;
I.E BALTAZAR SALAZAR;RI / AM;RI / PM;CAJM;CAJT;ALMUERZO;MEDIA TÉCNICA;NOVEDAD;;;;
PREESCOLAR 1;32;;;;32;;;;;;
PREESCOLAR 2;;;;;;;;;;;
PRIMERO 1;16;;;;16;;;;;;
PRIMERO 2;16;;;;16;;;;;;
SEGUNDO 1;22;;;;22;;;;;;
SEGUNDO 2;22;;;;22;;;;;;
TERCERO 1;21;;;;21;;;;;;
TERCERO 2;20;;;;20;;;;;;
CUARTO 1 ;31;;;;31;;;;;;
CUARTO 2;29;;;;29;;;;;;
QUINTO 1;26;;;;26;;;;;;
QUINTO 2;26;;;;26;;;;;;
SEXTO 1;29;;;;25;;;;;;
SEXTO 2;29;;;;29;;;;;;
SÉPTIMO 1;29;;;;29;;;;;;
SÉPTIMO 2;27;;;;27;;;;;;
OCTAVO 1;27;;;;22;;;;;;
OCTAVO 2;26;;;;26;;;;;;
NOVENO 1;39;;;;36;;;;;;
NOVENO 2;;;;;;;;;;;
DÉCIMO ;33;;;;;;;;;;
ONCE ;20;;;;;;;;;;
TOTAL COMPREMENTOS A ENTREGAR;520;0;0;0;455;0;;520;;;
I.E. BARRO BLANCO;RI / AM;RI / PM;CAJM;CAJT;ALMUERZO;MEDIA TÉCNICA;NOVEDAD;;;;
PREESCOLAR ;;;14;;;;;;;;
AULA SORDOS;;;11;;11;;;;;;
PRIMERO ;;;35;;39;;;;;;
SEGUNDO ;;;35;;39;;;;;;
TERCERO ;;;28;;37;;;;;;
CUARTO 1;;;20;;28;;;;;;
CUARTO 2;;;20;;28;;;;;;
QUINTO 1;;;24;;30;;;;;;
QUINTO 2;;;24;;27;;;;;;
SEXTO 1;;;22;;;;;;;;
SEXTO 2;;;22;;;;;;;;
SEXTO 3;;;23;;;;;;;;
SEXTO 4;;;23;;;;;;;;
SEPTIMO 1;;;31;;;;;;;;
SEPTIMO 2;;;31;;;;;;;;
SEPTIMO 3;;;31;;;;;;;;
OCTAVO 1;;;33;;;;;;;;
OCTAVO 2;;;32;;;;;;;;
NOVENO 1;;;33;;;;;;;;
NOVENO 2;;;33;;;;;;;;
DÉCIMO 1;;;27;;;;;;;;
DÉCIMO 2;;;22;;;;;;;;
ONCE 1;;;23;;;;;;;;
ONCE 2;;;25;;;;;;;;
TOTAL COMPREMENTOS A ENTREGAR;0;0;622;0;239;0;;622;;;
SEDE MARIA INMACULADA;RI / AM;RI / PM;CAJM;CAJT;ALMUERZO;MEDIA TÉCNICA;NOVEDAD;;;;
PREESCOLAR;;;11;;11;;;;;;
PRIMERO ;;;25;;25;;;;;;
SEGUNDO ;;;16;;16;;;;;;
TERCERO ;;;36;;36;;;;;;
CUARTO ;;;36;;36;;;;;;
QUINTO ;;;31;;31;;;;;;
TOTAL COMPREMENTOS A ENTREGAR;0;0;155;0;155;0;;155;;;
I.E. GILBERTO ECHEVERRI MEJIA;RI / AM;RI / PM;CAJM;CAJT;ALMUERZO;MEDIA TÉCNICA;NOVEDAD;;;;
PREESCOLAR;;;36;;36;;;;;;
PRIMERO;;;31;;31;;;;;;
SEGUNDO ;;;36;;36;;;;;;
TERCERO 1;;;24;;24;;;;;;
TERCERO 2;;;22;;22;;;;;;
CUARTO ;;;40;;40;;;;;;
QUINTO 1;;;20;;20;;;;;;
QUINTO 2;;;23;;23;;;;;;
SEXTO 1;;;23;;23;;;;;;
SEXTO 2;;;24;;24;;;;;;
SÉPTIMO 1;;;23;;23;;;;;;
SÉPTIMO 2;;;23;;23;;;;;;
OCTAVO 1;;;24;;24;;;;;;
OCTAVO 2;;;25;;25;;;;;;
NOVENO 1;;;20;;20;;;;;;
NOVENO 2;;;20;;20;;;;;;
DÉCIMO ;;;30;;;;;;;;
ONCE 1;;;29;;;;;;;;
ONCE 2;;;28;;;;;;;;
TOTAL COMPREMENTOS A ENTREGAR;0;0;501;0;414;0;;538;;;
I.E. DOMINGO SAVIO;RI / AM;RI / PM;CAJM;CAJT;ALMUERZO;MEDIA TÉCNICA;NOVEDAD;;;;
SEXTO 1;;;20;;20;;;;;;
SEXTO 2;;;20;;20;;;;;;
SÉPTIMO 1;;;14;;15;;;;;;
SEPTIMO 2;;;14;;15;;;;;;
OCTAVO 1;;;23;;23;;;;;;
NOVENO ;;;20;;26;;;;;;
DÉCIMO ;;;16;;19;;;;;;
ONCE ;;;21;;21;;;;;;
TOTAL COMPREMENTOS A ENTREGAR;0;0;148;0;159;0;;222;;;
SEDE CHIPRE ;RI / AM;RI / PM;CAJM;CAJT;ALMUERZO;MEDIA TÉCNICA;NOVEDAD;;;;
TERCERO ;;;31;;31;;;;;;
CUARTO 1;;;35;;35;;;;;;
CUARTO 2;;;;;;;;;;;
QUINTO;;;56;;56;;;;;;
TOTAL COMPREMENTOS A ENTREGAR;0;0;122;0;122;0;;122;;;
SEDE TRES PUERTAS;RI / AM;RI / PM;CAJM;CAJT;ALMUERZO;MEDIA TÉCNICA;NOVEDAD;;;;
TRANSICIÓN 1;;;19;;19;;;;;;
TRANSICIÓN 2;;;24;;24;;;;;;
PRIMERO 1;;;31;;31;;;;;;
PRIMERO 2;;;31;;31;;;;;;
SEGUNDO;;;27;;27;;;;;;
TOTAL COMPREMENTOS A ENTREGAR;0;0;132;0;132;0;;155;;;
I.E. ESCUELA NORMAL SUPERIOR DE MARIA ;RI / AM;RI / PM;CAJM;CAJT;ALMUERZO;MEDIA TÉCNICA;NOVEDAD;;;;
PREESCOLAR ;0;;;;0;;;;;;
PRIMERO ;29;;;;29;;;;;;
SEGUNDO ;31;;;;31;;;;;;
TERCERO;36;;;;36;;;;;;
CUARTO;31;;;;31;;;;;;
QUINTO;35;;;;35;;;;;;
SEXTO 1;30;;;;30;;;;;;
SEXTO 2;30;;;;30;;;;;;
SEXTO 3;30;;;;30;;;;;;
SÉPTIMO 1;39;;;;39;;;;;;
SÉPTIMO 2;39;;;;39;;;;;;
OCHO 1;28;;;;28;;;;;;
OCHO 2;28;;;;28;;;;;;
OCHO 3;29;;;;29;;;;;;
NOVENO 1;40;;;;40;;;;;;
NOVENO 2;40;;;;40;;;;;;
NOVENO 3;40;;;;40;;;;;;
DÉCIMO 1;27;;;;;;;;;;
DÉCIMO 2;30;;;;;;;;;;
DÉCIMO 3;28;;;;;;;;;;
DÉCIMO 4;29;;;;;;;;;;
ONCE 1;36;;;;;;;;;;
ONCE 2;35;;;;;;;;;;
ONCE 3;35;;;;;;;;;;
TOTAL COMPREMENTOS A ENTREGAR;755;0;0;0;535;0;;755;;;
SEDE CARMELA BIANCHETTI 1;RI / AM;RI / PM;CAJM;CAJT;ALMUERZO;MEDIA TÉCNICA;NOVEDAD;;;;
PRIMERO ;;;;35;;;;;;;
SEGUNDO ;;;;30;;;;;;;
TERCERO;;;;38;;;;;;;
SEXTO ;;;36;;;;;;;;
SEPTIMO 1;;;30;;;;;;;;
SEPTIMO 2;;;30;;;;;;;;
OCTAVO;;;27;;;;;;;;
TOTAL COMPREMENTOS A ENTREGAR;0;0;123;103;0;0;;233;;;
SEDE CARMELA BIANCHETTI 2;RI / AM;RI / PM;CAJM;CAJT;ALMUERZO;MEDIA TÉCNICA;NOVEDAD;;;;
PREESCOLAR;28;;;;;;;;;;
CUARTO 1;26;;;;;;;;;;
CUARTO 2;25;;;;;;;;;;
QUINTO 1;25;;;;;;;;;;
QUINTO 2;26;;;;;;;;;;
TOTAL COMPREMENTOS A ENTREGAR;130;0;0;0;0;0;;105;;;
SEDE SANTA ANA OJO DE AGUA;RI / AM;RI / PM;CAJM;CAJT;ALMUERZO;MEDIA TÉCNICA;NOVEDAD;;;;
PREESCOLAR;;;1;;;;;;;;
PRIMERO;;;2;;;;;;;;
SEGUNDO;;;5;;;;;;;;
TERCERO;;;8;;;;;;;;
CUARTO ;;;5;;;;;;;;
QUINTO;;;1;;;;;;;;
TOTAL COMPREMENTOS A ENTREGAR;0;0;22;0;0;0;;22;;;
I.E. CONCEJO MUNICIPAL EL PORVENIR;RI / AM;RI / PM;CAJM;CAJT;ALMUERZO;MEDIA TÉCNICA;NOVEDAD;;;;
SEXTO 1;40;;;;;;;;;;
SEXTO 2;40;;;;;;;;;;
SEXTO 3;41;;;;;;;;;;
SEXTO 4;40;;;;;;;;;;
SÉPTIMO 1;48;;;;;;Buenas tardes en la Institución Concejo Municipal el Porvenir jornada de la tarde, se solicitan despachar solo 180 raciones de industrializado el día 13 de febrero por motivo de Elección de delegados de adida 7,2  7,3  8,2  8,3 ;;;;
SÉPTIMO 2;;34;;;;;;;;;
SÉPTIMO 3;;35;;;;;;;;;
SÉPTIMO 4;;35;;;;;;;;;
OCTAVO 1;48;;;;;;;;;;
OCTAVO 2;;27;;;;;;;;;
OCTAVO 3;;27;;;;;;;;;
OCTAVO 4;;26;;;;;;;;;
NOVENO 1;42;;;;;;;;;;
NOVENO 2;;28;;;;;;;;;
NOVENO 3;;28;;;;;;;;;
NOVENO 4;;28;;;;;;;;;
DÉCIMO 1;37;;;;;;;;;;
DÉCIMO 2;36;;;;;;;;;;
DÉCIMO 3;38;;;;;;;;;;
DÉCIMO 4;37;;;;;;;;;;
ONCE 1;30;;;;;;;;;;
ONCE 2;23;;;;;;;;;;
ONCE 3;35;;;;;;;;;;
ONCE 4;31;;;;;;;;;;
ONCE 5;;29;;;;;;;;;
TOTAL COMPREMENTOS A ENTREGAR;566;297;0;0;0;0;;873;;;
SEDE EDUARDO URIBE BOTERO;RI / AM;RI / PM;CAJM;CAJT;ALMUERZO;MEDIA TÉCNICA;NOVEDAD;;;;
JARDIN;21;;;;;;;;;;
PREESCOLAR 1;23;;;;;;;;;;
PREESCOLAR 2;24;;;;;;;;;;
PREESCOLAR 3;25;;;;;;;;;;
PREESCOLAR 4;23;;;;;;;;;;
PREESCOLAR 5;21;;;;;;;;;;
PREESCOLAR 6;24;;;;;;;;;;
PRIMERO 1;29;;;;;;;;;;
PRIMERO 2;21;;;;;;;;;;
PRIMERO 3;22;;;;;;;;;;
PRIMERO 4;22;;;;;;;;;;
PRIMERO 5;23;;;;;;;;;;
PRIMERO 6;23;;;;;; ;;;;
SEGUNDO 1;28;;;;;; ;;;;
SEGUNDO 2;27;;;;;;;;;;
SEGUNDO 3;26;;;;;;;;;;
SEGUNDO 4;25;;;;;;;;;;
SEGUNDO 5;29;;;;;;;;;;
SEGUNDO 6;22;;;;;;;;;;
TERCERO 1;29;;;;;;;;;;
TERCERO 2;26;;;;;;;;;;
TERCERO 3;27;;;;;;;;;;
TERCERO 4;30;;;;;;;;;;
TERCERO 5;27;;;;;;;;;;
TERCERO 6;31;;;;;; ;;;;
CUARTO 1;19;;;;;;;;;;
CUARTO 2;15;;;;;;;;;;
CUARTO 3;24;;;;;;;;;;
CUARTO 4;24;;;;;;;;;;
CUARTO 5;24;;;;;;;;;;
CUARTO 6;23;;;;;;;;;;
QUINTO 1;16;;;;;;;;;;
QUINTO 2;24;;;;;;;;;;
QUINTO 3;18;;;;;;;;;;
QUINTO 4;14;;;;;; ;;;;
QUINTO 5;17;;;;;; ;;;;
TOTAL COMPREMENTOS A ENTREGAR;846;0;0;0;0;0;;1109;;;
I.E. GUILLERMO GAVIRIA CORREA;RI / AM;RI / PM;CAJM;CAJT;ALMUERZO;MEDIA TÉCNICA;NOVEDAD;;;;
PREESCOLAR ;;;10;;10;;;;;;
PRIMERO ;;;10;;10;;;;;;
SEGUNDO ;;;9;;9;;;;;;
TERCERO ;;;17;;17;;;;;;
CUARTO ;;;22;;22;;;;;;
QUINTO ;;;15;;15;;;;;;
SEXTO ;;;27;;27;;;;;;
SÉPTIMO ;;;8;;8;;;;;;
OCTAVO ;;;17;;17;;;;;;
NOVENO ;;;16;;16;;;;;;
DÉCIMO ;;;11;;0;;;;;;
ONCE ;;;13;;0;;;;;;
TOTAL COMPREMENTOS A ENTREGAR;0;0;175;0;151;0;;175;;;
I.E. LICEO JOSÉ MARIA CÓRDOBA;RI / AM;RI / PM;CAJM;CAJT;ALMUERZO;MEDIA TÉCNICA;NOVEDAD;;;;
SEXTO 1;37;;;;;;;;;;
SEXTO 2;37;;;;;;;;;;
SÉPTIMO 1;29;;;;;;;;;;
SÉPTIMO 2;28;;;;;;;;;;
OCTAVO 1;28;;;;;;;;;;
OCTAVO 2;27;;;;;;;;;;
OCTAVO 3;34;;;;;;;;;;
NOVENO 1;27;;;;;;;;;;
NOVENO 2;26;;;;;;;;;;
DÉCIMO 1;21;;;;;;;;;;
DÉCIMO 2;22;;;;;;;;;;
ONCE 1;20;;;;;;;;;;
ONCE 2;20;;;;;;;;;;
ACELERACION DE APRENDIZAJE 1;29;;;;;;;;;;
ACELERACION DE APRENDIZAJE 2;0;;;;;;;;;;
TOTAL COMPREMENTOS A ENTREGAR;385;0;0;0;0;0;;356;;;
SEDE PASCUALA;RI / AM;RI / PM;CAJM;CAJT;ALMUERZO;MEDIA TÉCNICA;NOVEDAD;;;;
PROCESOS BASICOS;;;;;;;;;;;
PREESCOLAR;;;19;;;;;;;;
PRIMERO;;;39;;;;;;;;
SEGUNDO ;;;28;;;;;;;;
TERCERO ;;;45;;;;;;;;
CUARTO ;;;35;;;;;;;;
QUINTO ;;;29;;;;;;;;
TOTAL COMPREMENTOS A ENTREGAR;0;0;195;0;0;0;;195;;;
SEDE UNIDA ;RI / AM;RI / PM;CAJM;CAJT;ALMUERZO;MEDIA TÉCNICA;NOVEDAD;;;;
PREESCOLAR  1;10;;;;;;;;;;
PREESCOLAR  2;10;;;;;;;;;;
PREESCOLAR 3;;12;;;;;;;;;
PRIMERO 1;27;;;;;;;;;;
PRIMERO 2;26;;;;;;;;;;
PRIEMERO 3;;27;;;;;;;;;
PRIMERO 4;;26;;;;;;;;;
SEGUNDO 1;30;;;;;;;;;;
SEGUNBO 2;29;;;;;;;;;;
SEGUNDO 3;;30;;;;;;;;;
SEGUNDO 4;;29;;;;;;;;;
TERCERO 1;35;;;;;;;;;;
TERCERO 2;35;;;;;;;;;;
TERCERO 3;;35;;;;;;;;;
TERCERO 4;;34;;;;;;;;;
CUARTO 1;36;;;;;;;;;;
CUARTO 2;36;;;;;;;;;;
CUARTO 3;;38;;;;;;;;;
QUINTO 1;30;;;;;;;;;;
QUINTO 2;30;;;;;;;;;;
QUINTO 3;;33;;;;;;;;;
SEXTO 3;40;;;;;;;;;;
SEXTO 4;40;;;;;;;;;;
SÉPTIMO 3;25;;;;;;;;;;
SÉPTIMO 4;25;;;;;;;;;;
TOTAL COMPREMENTOS A ENTREGAR;464;264;0;0;0;0;;757;;;
I.E. JOSEFINA MUÑOZ GONZÁLEZ;RI / AM;RI / PM;CAJM;CAJT;ALMUERZO;MEDIA TÉCNICA;NOVEDAD;;;;
JARDIN;;20;;;;;;;;;
PREESCOLAR 1;;;35;;;;;;;;
PREESCOLAR 2;;;32;;;;;;;;
PRIMERO 1;;;27;;;;;;;;
PRIMERO 2;;;28;;;;;;;;
PRIMERO 3;;;29;;;;;;;;
SEGUNDO 1;;;27;;;;;;;;
SEGUNDO 2;;;29;;;;;;;;
SEGUNDO 3;;;28;;;;;;;;
TERCERO 1;;;30;;;;;;;;
TERCERO 2;;;32;;;;;;;;
TERCERO 3;;;37;;;;;;;;
CUARTO 1;;;32;;;;;;;;
CUARTO 2;;;28;;;;;;;;
CUARTO 3;;;28;;;;;;;;
QUINTO 1;;;26;;;;;;;;
QUINTO 2;;;26;;;;;;;;
QUINTO 3;;;27;;;;;;;;
SEXTO 1;;;30;;;;;;;;
SEXTO 2;;;30;;;;;;;;
SEXTO 3;;;30;;;;;;;;
SEXTO 4;;;30;;;;;;;;
SÉPTIMO 1;;;33;;;;;;;;
SÉPTIMO 2;;;33;;;;;;;;
SÉPTIMO 3;;;33;;;;;;;;
SÉPTIMO 4;;;33;;;;;;;;
OCTAVO 1;36;;;;;;;;;;
OCTAVO 2;36;;;;;;;;;;
OCTAVO 3;36;;;;;;;;;;
OCTAVO 4;36;;;;;;;;;;
NOVENO 1;34;;;;;;;;;;
NOVENO 2;36;;;;;;;;;;
NOVENO 3;34;;;;;;;;;;
DÉCIMO 1;30;;;;;;;;;;
DÉCIMO 2;26;;;;;;;;;;
DÉCIMO 3;32;;;;;;;;;;
ONCE 1;28;;;;;;;;;;
ONCE 2;31;;;;;;;;;;
ONCE 3;26;;;;;;;;;;
ONCE 4;28;;;;;;;;;;
TOTAL COMPREMENTOS A ENTREGAR;449;20;753;0;0;0;;1262;;;
I.E. LA MOSQUITA;RI / AM;RI / PM;CAJM;CAJT;ALMUERZO;MEDIA TÉCNICA;NOVEDAD;;;;
PREESCOLAR ;;;27;;;;;;;;
PRIMERO ;;;40;;;;"*el dia miercoles 11 de febrero no hay clase en toda la institución educativa debido a la jornada ""Día E"", por favor cancelar el CAJM de este día";;;;
SEGUNDO ;;;38;;;;;;;;
TERCERO;;;39;;;;;;;;
CUARTO ;;;28;;;;;;;;
QUINTO;;;32;;;;;;;;
SEXTO 1;;;23;;;;;;;;
SEXTO 2;;;20;;;;;;;;
SÉPTIMO 1;;;18;;;;;;;;
SÉPTIMO 2;;;22;;;;;;;;
OCTAVO;;;28;;;;;;;;
NOVENO;;;40;;;;;;;;
DÉCIMO;;;16;;;;;;;;
ONCE ;;;20;;;;El día martes 10 de febrero el grupo de undecimo grado tiene la convivencia escolar, favor de mandar el refrigerio correspondiente a la sede Gonzalo Aristizabal;;;;
TOTAL COMPREMENTOS A ENTREGAR;0;0;391;0;0;0;;463;;;
SEDE GONZALO ARISTIZABAL;RI / AM;RI / PM;CAJM;CAJT;ALMUERZO;MEDIA TÉCNICA;NOVEDAD;;;;
PREESCOLAR ;;;;;;;;;;;
PRIMERO ;;;;;;;cancelar complemento para la sede para el 11 de febrero por dia ;;;;
SEGUNDO ;2;;;;;;el dia E en la institucion;;;;
TERCERO;9;;;;;;;;;;
CUARTO;3;;;;;;;;;;
QUINTO;4;;;;;;;;;;
TOTAL COMPREMENTOS A ENTREGAR;18;0;0;0;0;0;;18;;;
I.E.  BALDOMERO SANÍN CANO;RI / AM;RI / PM;CAJM;CAJT;ALMUERZO;MEDIA TÉCNICA;NOVEDAD;;;;
PREJARDIN;;;16;;;;;;;;
JARDIN;;;31;;;;;;;;
PREESCOLAR 1;;;80;;;;;;;;
PREESCOLAR 2;;;;;;;;;;;
PREESCOLAR 3;;;;;;;;;;;
PREESCOLAR 4;;;;;;;;;;;
PRIMERO 1;;;127;;;;;;;;
PRIMERO 2;;;;;;;;;;;
PRIMERO 3;;;;;;;;;;;
PRIMERO 4;;;;;;;;;;;
SEGUNDO 1;;;132;;;;;;;;
SEGUNDO 2;;;;;;;;;;;
SEGUNDO 3;;;;;;;;;;;
SEGUNDO 4;;;;;;;;;;;
TERCERO 1;;;160;;;;;;;;
TERCERO 2;;;;;;;;;;;
TERCERO 3;;;;;;;;;;;
TERCERO 4;;;;;;;;;;;
CUARTO 1;;;132;;;;;;;;
CUARTO 2;;;;;;;;;;;
CUARTO 3;;;;;;;;;;;
CUARTO 4;;;;;;;;;;;
QUINTO 1;;;106;;;;;;;;
QUINTO 2;;;;;;;;;;;
QUINTO 3;;;;;;;;;;;
QUINTO 4;;;;;;;;;;;
SEXTO 1;;;;35;;;;;;;
SEXTO 2;;;;39;;;;;;;
SEXTO 3;;;;35;;;;;;;
SEXTO 4;;;;26;;;;;;;
SEXTO 5;;;;;;;;;;;
SÉPTIMO 1;;;;37;;;;;;;
SÉPTIMO 2;;;;31;;;;;;;
SÉPTIMO 3;;;;31;;;;;;;
SÉPTIMO 4;;;;31;;;;;;;
SÉPTIMO 5;;;;;;;;;;;
OCTAVO 1;;;;26;;;;;;;
OCTAVO 2;;;;31;;;;;;;
OCTAVO 3;;;;19;;;;;;;
OCTAVO 4;;;;24;;;;;;;
NOVENO 1;;;;27;;;;;;;
NOVENO 2;;;;25;;;;;;;
NOVENO 3;;;;31;;;;;;;
NOVENO 4;;;;26;;;;;;;
DÉCIMO 1;;;;29;;;;;;;
DÉCIMO 2;;;;31;;;;;;;
DÉCIMO 3;;;;32;;;;;;;
ONCE 1;;;;30;;;;;;;
ONCE 2;;;;29;;;;;;;
ONCE 3;;;;24;;;;;;;
M.T. EN MERCADOTECNIA;;;;;;;;;;;
M.T. EN MANTENIMIENTO Y REPARACION DE MOTOS GRADO 10;;;;;;;;;;;
M.T. EN MANTENIMIENTO Y REPARACION DE MOTOS GRADO 11;;;;;;;;;;;
M.T. EN COMERCIO INTERNACIONAL;0;;;;;;;;;;
TOTAL COMPREMENTOS A ENTREGAR;0;0;784;649;0;0;;1441;;;
I.E. SAN ANTONIO;RI / AM;RI / PM;CAJM;CAJT;ALMUERZO;MEDIA TÉCNICA;NOVEDAD;;;;
PREJARDIN;;;18;;;;;;;;
JARDIN;;;16;;;;;;;;
TRANSICIÓN 1;;;31;;;;;;;;
TRANSICIÓN 2;;;7;;;;;;;;
PRIMERO 1;;;30;;30;;;;;;
PRIMERO 2;;;30;;30;;;;;;
SEGUNDO 1;;;30;;30;;;;;;
SEGUNDO 2;;;29;;29;;;;;;
TERCERO 1;;;30;;30;;;;;;
TERCERO 2;;;31;;31;;;;;;
CUARTO 1;;;37;;37;;;;;;
CUARTO 2;;;38;;38;;;;;;
QUINTO 1;;;35;;35;;;;;;
QUINTO 2;;;29;;29;;;;;;
SEXTO 1;;;15;;20;;;;;;
SEXTO 2;;;15;;25;;;;;;
SEXTO 3;;;15;;25;;;;;;
SÉPTIMO 1;;;15;;25;;;;;;
SÉPTIMO 2;;;15;;20;;;;;;
SÉPTIMO 3;;;15;;20;;;;;;
OCTAVO 1;;;15;;15;;;;;;
OCTAVO 2;;;15;;15;;;;;;
NOVENO 1;;;15;;15;;;;;;
NOVENO 2;;;15;;15;;;;;;
DÉCIMO 1;;;15;;20;;;;;;
DÉCIMO 2;;;15;;20;;;;;;
UNDÉCIMO 1;;;15;;20;;;;;;
UNDÉCIMO 2;;;15;;20;;;;;;
TOTAL COMPREMENTOS A ENTREGAR;0;0;601;0;594;0;;821;;;
SEDE SANTA TERESA;RI / AM;RI / PM;CAJM;CAJT;ALMUERZO;MEDIA TÉCNICA;NOVEDAD;;;;
SEGUNDO ;;;1;;1;;;;;;
TERCERO;;;2;;2;;;;;;
CUARTO;;;4;;4;;;;;;
TOTAL COMPREMENTOS A ENTREGAR;0;0;7;0;7;0;;7;;;
SEDE VILACHUAGA;RI / AM;RI / PM;CAJM;CAJT;ALMUERZO;MEDIA TÉCNICA;NOVEDAD;;;;
PRIMERO ;;;1;;1;;;;;;
SEGUNDO ;;;1;;1;;;;;;
TERCERO ;;;2;;2;;;;;;
CUARTO;;;2;;2;;;;;;
QUINTO;;;1;;1;;;;;;
TOTAL COMPREMENTOS A ENTREGAR;0;0;7;0;7;0;;8;;;
I.E. SAN JOSÉ DE LAS CUCHILLAS;RI / AM;RI / PM;CAJM;CAJT;ALMUERZO;MEDIA TÉCNICA;NOVEDAD;;;;
PREJARDIN;;;5;;;;;;;;
JARDIN;;;0;;;;;;;;
PREESCOLAR ;;;22;;;;;;;;
PRIMERO ;;;29;;;;;;;;
SEGUNDO ;;;32;;;;;;;;
TERCERO ;;;33;;;;;;;;
CUARTO ;;;34;;;;;;;;
QUINTO ;;;30;;;;;;;;
SEXTO 1;;;35;;;;;;;;
SEXTO 2;;;35;;;;;;;;
SÉPTIMO 1;;;34;;;;;;;;
SÉPTIMO 2;;;33;;;;;;;;
OCTAVO 1;;;35;;;;;;;;
OCTAVO 2;;;34;;;;;;;;
NOVENO 1;;;33;;;;;;;;
NOVENO 2;;;33;;;;;;;;
DÉCIMO 1;;;30;;;;;;;;
DÉCIMO 2;;;27;;;;;;;;
ONCE 1;;;31;;;;;;;;
ONCE 2;;;27;;;;;;;;
TOTAL COMPREMENTOS A ENTREGAR;0;0;572;0;0;0;;572;;;
SEDE EL CARMÍN;RI / AM;RI / PM;CAJM;CAJT;ALMUERZO;MEDIA TÉCNICA;NOVEDAD;;;;
PREESCOLAR ;;;13;;13;;;;;;
PRIMERO ;;;20;;20;;;;;;
SEGUNDO ;;;25;;25;;;;;;
TERCERO;;;26;;26;;;;;;
CUARTO;;;23;;23;;;;;;
QUINTO;;;32;;32;;;;;;
TOTAL COMPREMENTOS A ENTREGAR;0;0;139;0;139;0;;141;;;
I.E. SANTA BARBARA;RI / AM;RI / PM;CAJM;CAJT;ALMUERZO;MEDIA TÉCNICA;NOVEDAD;;;;
PREJARDIN;;;;8;;;;;;;
PREESCOLAR;;;25;;25;;;;;;
PRIMERO ;;;19;;19;;;;;;
SEGUNDO ;;;34;;36;;;;;;
TERCERO;;;33;;33;;;;;;
CUARTO ;;;38;;39;;;;;;
QUINTO ;;;35;;35;;;;;;
SEXTO 1;;;38;;38;;;;;;
SEXTO 2;;;37;;39;;;;;;
SÉPTIMO 1;;;31;;32;;;;;;
SÉPTIMO 2;;;33;;33;;;;;;
OCTAVO 1;;;29;;27;;;;;;
OCTAVO 2;;;32;;31;;;;;;
NOVENO 1;;;35;;34;;;;;;
NOVENO 2;;;30;;29;;;;;;
DÉCIMO 1;;;23;;19;;;;;;
DÉCIMO 2;;;27;;27;;;;;;
ONCE 1;;;22;;22;;;;;;
ONCE 2;;;16;;16;;;;;;
TOTAL COMPREMENTOS A ENTREGAR;0;0;537;8;534;0;;566;;;
SEDE LOS PINOS ;RI / AM;RI / PM;CAJM;CAJT;ALMUERZO;MEDIA TÉCNICA;NOVEDAD;;;;
PREESCOLAR ;;;11;;11;;;;;;
PRIMERO ;;;11;;11;;;;;;
SEGUNDO ;;;13;;14;;;;;;
TERCERO ;;;16;;16;;;;;;
CUARTO ;;;18;;18;;;;;;
QUINTO ;;;17;;17;;;;;;
TOTAL COMPREMENTOS A ENTREGAR;0;0;86;0;87;0;;89;;;
SEDE RIO ABAJO;RI / AM;RI / PM;CAJM;CAJT;ALMUERZO;MEDIA TÉCNICA;NOVEDAD;;;;
PREESCOLAR ;;;11;;11;;;;;;
PRIMERO ;;;11;;11;;;;;;
SEGUNDO ;;;17;;17;;;;;;
TERCERO ;;;14;;14;;;;;;
CUARTO ;;;13;;13;;;;;;
QUINTO ;;;17;;17;;;;;;
TOTAL COMPREMENTOS A ENTREGAR;0;0;83;0;83;0;;83;;;
SEDE SAN LUIS;RI / AM;RI / PM;CAJM;CAJT;ALMUERZO;MEDIA TÉCNICA;NOVEDAD;;;;
PREESCOLAR ;;;8;;8;;;;;;
PRIMERO ;;;14;;14;;;;;;
SEGUNDO ;;;16;;16;;;;;;
TERCERO ;;;4;;4;;;;;;
CUARTO ;;;17;;17;;;;;;
QUINTO ;;;7;;7;;;;;;
TOTAL COMPREMENTOS A ENTREGAR;0;0;66;0;66;0;;66;;;
I.E. TÉCNICO INDUSTRIAL SANTIAGO DE ARMA;RI / AM;RI / PM;CAJM;CAJT;ALMUERZO;MEDIA TÉCNICA;NOVEDAD;;;;
SEXTO 1;;;35;;;;;;;;
SEXTO 2;;;35;;;;;;;;
SEXTO 3;;;35;;;;;;;;
SEXTO 4;;;35;;;;;;;;
SEXTO 5;;;35;;;;;;;;
SEXTO 6;;;35;;;;;;;;
SEXTO 7;;;36;;;;;;;;
SÉPTIMO 1;;;40;;;;;;;;
SÉPTIMO 2;;;40;;;;;;;;
SÉPTIMO 3;;;40;;;;;;;;
SÉPTIMO 4;;;40;;;;;;;;
SÉPTIMO 5;;;40;;;;;;;;
OCTAVO 1;;;37;;;;;;;;
OCTAVO 2;;;37;;;;;;;;
OCTAVO 3;;;37;;;;;;;;
OCTAVO 4;;;37;;;;;;;;
NOVENO 1;;;32;;;;;;;;
NOVENO 2;;;32;;;;;;;;
NOVENO 3;;;32;;;;;;;;
NOVENO 4;;;32;;;;;;;;
DÉCIMO 1;;;32;;35;;;;;;
DÉCIMO 2;;;32;;35;;;;;;
DÉCIMO 3;;;32;;35;;;;;;
DÉCIMO 4;;;32;;35;;;;;;
ONCE 1;;;32;;37;;;;;;
ONCE 2;;;34;;37;;;;;;
ONCE 3;;;34;;37;;;;;;
TOTAL COMPREMENTOS A ENTREGAR;0;0;950;0;251;0;;1038;;;
SEDE JUAN MANUEL GONZÁLEZ;RI / AM;RI / PM;CAJM;CAJT;ALMUERZO;MEDIA TÉCNICA;NOVEDAD;;;;
PREESCOLAR 1;25;;;;;;;;;;
PREESCOLAR 2;25;;;;;; ;;;;
PREESCOLAR 3;;24;;;;;;;;;
PRIMERO 1;36;;;;;;;;;;
PRIMERO 2;36;;;;;;;;;;
PRIMERO 3;;28;;;;;;;;;
SEGUNDO 1;37;;;;;;;;;;
SEGUNDO 2;37;;;;;;;;;;
SEGUNDO 3;;35;;;;;;;;;
TERCERO 1;37;;;;;;;;;;
TERCERO 2;38;;;;;;;;;;
TERCERO 3 ;;34;;;;;;;;;
CUARTO 1;40;;;;;;;;;;
CUARTO 2;;37;;;;;;;;;
CUARTO 3;;;;;;;;;;;
QUINTO 1;39;;;;;;;;;;
QUINTO 2;;34;;;;;;;;;
QUINTO 3;;33;;;;;;;;;
TOTAL COMPREMENTOS A ENTREGAR;350;225;0;0;0;0;;575;;;
SEDE JULIO SANÍN;RI / AM;RI / PM;CAJM;CAJT;ALMUERZO;MEDIA TÉCNICA;NOVEDAD;;;;
PREESCOLAR 1;;;25;;;;;;;;
PREESCOLAR 2;;;22;;;;;;;;
PREESCOLAR 3;;;24;;;;;;;;
PRIMERO 1;;;34;;;;;;;;
PRIMERO 2;;;31;;;;;;;;
PRIMERO 3;;;31;;;;;;;;
SEGUNDO 1;;;35;;;;;;;;
SEGUNDO 2;;;37;;;;;;;;
SEGUNDO 3;;;31;;;;;;;;
TERCERO 1;;;34;;;;;;;;
TERCERO 2;;;35;;;;;;;;
TERCERO 3;;;32;;;;;;;;
CUARTO 1;;;37;;;;;;;;
CUARTO 2;;;37;;;;;;;;
CUARTO 3;;;38;;;;;;;;
QUINTO 1;;;36;;;;;;;;
QUINTO 2;;;36;;;;;;;;
QUINTO 3;;;34;;;;;;;;
TOTAL COMPREMENTOS A ENTREGAR;0;0;589;0;0;0;;638;;;
TOTAL COMPREMENTOS  ENTREGADOS;4483;806;8947;796;4533;0;;15948;;;
